,Unnamed: 0,title
0,0.0,
1,1.0,
2,2.0,
3,3.0,2014 FIVB Volleyball Men's World Champion
4,4.0,
5,5.0,
6,6.0,Cara
7,7.0,
8,8.0,The Soul
9,9.0,
10,10.0,Carlos (footballer
11,11.0,List of Argentine deputie
12,12.0,
13,13.0,Ai
14,14.0,Chris Clarke 
15,15.0,Escrava Isaura (197
16,16.0,Harry Hood 
17,17.0,Marietta City Schoo
18,18.0,Ad
19,19.0,Lebanon at the 2017 World Championships 
20,20.0,
21,21.0,Stathmop
22,22.0,Virgin 
23,23.0,
24,24.0,La
25,25.0,Thomas Scawen
26,26.0,Title 43 of the United
27,27.0,1240s in 
28,28.0,2014 World Wrestling C
29,29.0,2004 Venezuelan region
30,30.0,
31,31.0,
32,32.0,Rufinus (Rom
33,33.0,"Orders, decorations, and meda"
34,34.0,1938 UCLA Bruins f
35,35.0,İris
36,36.0,
37,37.0,
38,38.0,Ka
39,39.0,Small Cap Liquidity Reform
40,40.0,Gy
41,41.0,William
42,42.0,
43,43.0,Th
44,44.0,Badminton at the 2015 European Games – M
45,45.0,W
46,46.0,List of Cultural Properties of the Philippines i
47,47.0,Jean Ha
48,48.0,Retrospective (X Marks the Pe
49,49.0,
50,50.0,
51,51.0,Slatervil
52,52.0,
53,53.0,
54,54.0,San P
55,55.0,Reinhold
56,56.0,Bu
57,57.0,Bennett Brook
58,58.0,
59,59.0,B
60,60.0,Federal budget
61,61.0,E
62,62.0,Net metering in the U
63,63.0,Ja
64,64.0,Saint Laza
65,65.0,
66,66.0,Angus McKen
67,67.0,2015–16 Tampa Bay Ligh
68,68.0,Innocence an
69,69.0,Organosodi
70,70.0,Deweyville Independent Sch
71,71.0,2008 attack on the United States emba
72,72.0,Pedro Sán
73,73.0,Ranji
74,74.0,"Whitman College, Princeto"
75,75.0,D
76,76.0,Pennsylvan
77,77.0,P
78,78.0,Franciscan Ch
79,79.0,
80,80.0,
81,81.0,Bert
82,82.0,Ma
83,83.0,World Series 
84,84.0,
85,85.0,
86,86.0,
87,87.0,Sin
88,88.0,General 
89,89.0,1897 Maryland Aggies f
90,90.0,Vri
91,91.0,Zec de 
92,92.0,Gymnostachyum
93,93.0,Utah
94,94.0,Co
95,95.0,L
96,96.0,Ir
97,97.0,Great Russ
98,98.0,
99,99.0,Education an
100,100.0,Megachil
101,101.0,Garrison Church of St Alban the Mart
102,102.0,Christian Methodist Senior
103,103.0,
104,104.0,Bond
105,105.0,Maxim
106,106.0,1999 Epping Forest District Coun
107,107.0,1968 Miami Dol
108,108.0,Robert D.
109,109.0,1951 European Rowing C
110,110.0,Best Shot
111,111.0,Mycte
112,112.0,Pursuit
113,113.0,Opos
114,114.0,
115,115.0,
116,116.0,Gér
117,117.0,1963–6
118,118.0,Bayv
119,119.0,West Coa
120,120.0,The S
121,121.0,Sco
122,122.0,Philosophi
123,123.0,List of high schools i
124,124.0,The 
125,125.0,John Evele
126,126.0,
127,127.0,J
128,128.0,Gorgi
129,129.0,Caballe
130,130.0,Prostituti
131,131.0,Al-Maim
132,132.0,Bri
133,133.0,
134,134.0,Cerová vrchovina Protected La
135,135.0,List of ship commission
136,136.0,The Run
137,137.0,Imprisoned: Survival Guide for Rich 
138,138.0,
139,139.0,Adam Davies (footballer
140,140.0,Chem
141,141.0,Eskenazi (
142,142.0,Iain Ken
143,143.0,Juan Alfo
144,144.0,Sulphur-bellie
145,145.0,Just for Tonight (One Nigh
146,146.0,Trans-Ga
147,147.0,Wilhelm Orl
148,148.0,Yosh
149,149.0,Crossley
150,150.0,Nic
151,151.0,Associated Students of Po
152,152.0,
153,153.0,
154,154.0,
155,155.0,
156,156.0,Lewistown Central Business Histo
157,157.0,Lu
158,158.0,Ren
159,159.0,W
160,160.0,Beauty
161,161.0,Gil
162,162.0,Mickaël
163,163.0,Listed buildi
164,164.0,
165,165.0,Basketball at the 2006 Central American and Car
166,166.0,Carol
167,167.0,11th International
168,168.0,Walt Disney Imagineering Blu
169,169.0,
170,170.0,Pieman River Power
171,171.0,S
172,172.0,Palae
173,173.0,
174,174.0,Muslim Yo
175,175.0,
176,176.0,Turkmenistan at the 2022 World Aquatics C
177,177.0,Sunan Ampel State Islamic Univers
178,178.0,Vervain (Liv Kri
179,179.0,
180,180.0,Ch
181,181.0,History 
182,182.0,T
183,183.0,Brunswick 
184,184.0,Canton of 
185,185.0,
186,186.0,
187,187.0,Martin Juli
188,188.0,Thier
189,189.0,
190,190.0,David Barron (fi
191,191.0,Luc
192,192.0,Euglandin
193,193.0,
194,194.0,
195,195.0,Erdős–An
196,196.0,Wi
197,197.0,Arthur
198,198.0,The In Crowd (Ramsey 
199,199.0,Zapadnoye Degun
200,200.0,Pennsylvan
201,201.0,
202,202.0,Table tennis at the 2004 Summer Olympics – M
203,203.0,Lamella (surf
204,204.0,State road D.
205,205.0,Aqa Moh
206,206.0,F
207,207.0,T.
208,208.0,RIS: Delitti Imperfett
209,209.0,McBride–
210,210.0,Irkutsk 
211,211.0,
212,212.0,HNLMS Ut
213,213.0,2004 Baq
214,214.0,SNCF Cl
215,215.0,Py
216,216.0,Journal of La
217,217.0,2016–17 Algerian Ba
218,218.0,
219,219.0,
220,220.0,Co
221,221.0,M
222,222.0,L
223,223.0,Cuban Pacification 
224,224.0,Charlotte So
225,225.0,Elli
226,226.0,Bhe
227,227.0,2022 FIM Enduro World 
228,228.0,
229,229.0,
230,230.0,Athletics at the 1983 Pan American Games – Women'
231,231.0,
232,232.0,Order of 
233,233.0,Lost in the
234,234.0,Laur
235,235.0,Capela do
236,236.0,William Th
237,237.0,Università Leona
238,238.0,List of My Super Sweet
239,239.0,William Spicer
240,240.0,Fi
241,241.0,Ch
242,242.0,Ģirts Valdis
243,243.0,
244,244.0,Detroit 
245,245.0,
246,246.0,
247,247.0,Bru
248,248.0,G
249,249.0,P
250,250.0,
251,251.0,
252,252.0,"Carradale House, Arg"
253,253.0,Ian Miller 
254,254.0,
255,255.0,Trance Mission (Paul Oake
256,256.0,Vladysla
257,257.0,Halothamn
258,258.0,O
259,259.0,
260,260.0,Se
261,261.0,Toto and Peppino Divid
262,262.0,Geor
263,263.0,John Cooper (archdeacon of 
264,264.0,
265,265.0,Ber
266,266.0,
267,267.0,
268,268.0,Hankyu Hans
269,269.0,1997 World Wrestling Championships – Men's Greco-
270,270.0,
271,271.0,Lov
272,272.0,Arnold
273,273.0,MV S
274,274.0,List of museums i
275,275.0,Gibberu
276,276.0,Ku
277,277.0,
278,278.0,2018 Louisville Cardinals men's
279,279.0,1995 European Cup
280,280.0,
281,281.0,General Assembly of Newfoundland 
282,282.0,Underworld o
283,283.0,La Luna (Portl
284,284.0,"Frederick Fermor-Hesketh, 2nd B"
285,285.0,
286,286.0,Ter
287,287.0,Ka
288,288.0,Sa
289,289.0,Pleasantville Mu
290,290.0,Ge
291,291.0,Sa
292,292.0,Par
293,293.0,T
294,294.0,"Two Run, Clay County, W"
295,295.0,Songo Ri
296,296.0,National Register of Historic Places listing
297,297.0,2017–18 Samford Bulldogs men's bas
298,298.0,Le
299,299.0,Triarius
300,300.0,
301,301.0,2022 West Virginia House of Delega
302,302.0,
303,303.0,
304,304.0,1987 Tirre
305,305.0,Athletics at the 1987 Pan American Games – Women'
306,306.0,Christo
307,307.0,Hectaphel
308,308.0,O'H
309,309.0,List of lost Russian or Sovie
310,310.0,Von Willebrand factor t
311,311.0,The D
312,312.0,Grab
313,313.0,
314,314.0,
315,315.0,Cold Springs
316,316.0,Kabbalistic Order of th
317,317.0,L
318,318.0,Dict
319,319.0,David Willi
320,320.0,2012
321,321.0,Zuos
322,322.0,2012 BNP Paribas Open – Wom
323,323.0,Katharina Magdal
324,324.0,Independence Square (K
325,325.0,Arthur Dixon (Chica
326,326.0,Estádi
327,327.0,He
328,328.0,
329,329.0,
330,330.0,List of town tramway syste
331,331.0,Alocasi
332,332.0,Ge
333,333.0,
334,334.0,Cefn-c
335,335.0,Whit
336,336.0,Tom Sutcliffe 
337,337.0,P
338,338.0,
339,339.0,Dwyer Bro
340,340.0,
341,341.0,List of governors o
342,342.0,Jones Bar
343,343.0,Coaxial
344,344.0,
345,345.0,Port Loyola Ca
346,346.0,British Aerosp
347,347.0,
348,348.0,Italian submar
349,349.0,Johann Got
350,350.0,Victoria
351,351.0,
352,352.0,P
353,353.0,The Mille
354,354.0,Boyscout
355,355.0,
356,356.0,
357,357.0,Christianity in th
358,358.0,St Peter's Sch
359,359.0,Chaitany
360,360.0,
361,361.0,
362,362.0,110 Proposition
363,363.0,Basselin
364,364.0,General Teaching Council for Nort
365,365.0,
366,366.0,Arthur
367,367.0,Asociación Nacional de Empresarios de Locale
368,368.0,K
369,369.0,BattleBots
370,370.0,Indre Wijdefjorden N
371,371.0,
372,372.0,
373,373.0,
374,374.0,
375,375.0,
376,376.0,2009–10 Louisiana–Lafayette Ragin' Cajuns women's bas
377,377.0,
378,378.0,Champapukur rai
379,379.0,
380,380.0,
381,381.0,Vi
382,382.0,"Conrad V, Count"
383,383.0,Freemake Aud
384,384.0,Rydzy
385,385.0,
386,386.0,United Nations Security Council Re
387,387.0,National Intramural and Recreational Sports
388,388.0,
389,389.0,Liberat
390,390.0,
391,391.0,
392,392.0,Sovereignty Co
393,393.0,Erica
394,394.0,Castro of M
395,395.0,Hargra
396,396.0,Smart Tele
397,397.0,Eugen 
398,398.0,
399,399.0,
400,400.0,
401,401.0,No Place Like Home 
402,402.0,T
403,403.0,
404,404.0,"3alpha,7alpha,12alpha-trihydroxy-5beta-cholest-24-enoyl-C"
405,405.0,Letters to a Youn
406,406.0,Carol
407,407.0,Sergei Ageyev 
408,408.0,Kri
409,409.0,Eu
410,410.0,Diva Si
411,411.0,Uddanam
412,412.0,Bol
413,413.0,Emha 
414,414.0,Barwon Se
415,415.0,National Gang Intelli
416,416.0,Pe
417,417.0,American Fin
418,418.0,
419,419.0,P
420,420.0,Taichung Metro Gr
421,421.0,
422,422.0,
423,423.0,Land
424,424.0,
425,425.0,Georgia Ma
426,426.0,Antoine Le
427,427.0,
428,428.0,R
429,429.0,Ha
430,430.0,
431,431.0,
432,432.0,Nemac
433,433.0,Southern Bap
434,434.0,Tennis at the 2017 Summer Universiade 
435,435.0,
436,436.0,William 
437,437.0,
438,438.0,The Fourteen
439,439.0,Duellman's pigmy lea
440,440.0,List of integrated schools in Nort
441,441.0,
442,442.0,Th
443,443.0,S
444,444.0,Phoolbagan m
445,445.0,Jan Kaminis Platt Regi
446,446.0,List of teams and cyclists in the 2004 Vue
447,447.0,Person
448,448.0,State road D.
449,449.0,
450,450.0,1971 Philadelphia E
451,451.0,Piney
452,452.0,La Peñita
453,453.0,Gordo
454,454.0,
455,455.0,2008 Australia
456,456.0,I
457,457.0,Ca
458,458.0,
459,459.0,
460,460.0,
461,461.0,
462,462.0,
463,463.0,Te
464,464.0,
465,465.0,
466,466.0,Armi
467,467.0,Political 
468,468.0,Nor
469,469.0,Minye Thihathu I
470,470.0,Hr
471,471.0,Republ
472,472.0,Chuans
473,473.0,
474,474.0,University of Illinois College of Veterin
475,475.0,Ru
476,476.0,The 
477,477.0,Switched-On 
478,478.0,"Ewing/Carroll, Trenton"
479,479.0,
480,480.0,Ian Jon
481,481.0,1982 Hyndburn Borough Coun
482,482.0,
483,483.0,Scott Holman (Americ
484,484.0,1910 Guatemalan president
485,485.0,B
486,486.0,
487,487.0,
488,488.0,Fatehabad Chandrawatiganj Junction rai
489,489.0,
490,490.0,Tarjei
491,491.0,Leandervil
492,492.0,World Organization of Fa
493,493.0,Zbign
494,494.0,Ath
495,495.0,"Kierzkowo, Wejh"
496,496.0,Iranian Studi
497,497.0,Maisie Richar
498,498.0,Vi
499,499.0,John Roberts (footballer
500,500.0,French ship
501,501.0,
502,502.0,Jeremy Pember
503,503.0,San Y
504,504.0,Lucy
505,505.0,Irene Bust
506,506.0,União Futebol Comércio
507,507.0,
508,508.0,Phyllonoryc
509,509.0,Olym
510,510.0,Cumberland Community Improvem
511,511.0,"Reger, W"
512,512.0,
513,513.0,Narciso Rodri
514,514.0,
515,515.0,Johannes Karl von und zu F
516,516.0,National Register of Historic Places listings in Worcester Coun
517,517.0,No Fear (Terri
518,518.0,John McBride (l
519,519.0,Che
520,520.0,Hard
521,521.0,American Mathematical Association of Two-Y
522,522.0,List of Tadh
523,523.0,
524,524.0,Jar
525,525.0,Enemy (Sandro C
526,526.0,Maninder S
527,527.0,List of aircraft of the Army Air Corps (Uni
528,528.0,
529,529.0,Firin
530,530.0,
531,531.0,Ne
532,532.0,Y
533,533.0,Queen of the Night (1931 Italian-la
534,534.0,Indiano
535,535.0,
536,536.0,G
537,537.0,Euler's c
538,538.0,Z
539,539.0,Regulation of
540,540.0,Ba
541,541.0,Afrixal
542,542.0,University Ci
543,543.0,Harkne
544,544.0,Baroque architecture
545,545.0,
546,546.0,Qamar Za
547,547.0,5th U.S. Artiller
548,548.0,Per
549,549.0,New Mexico St
550,550.0,
551,551.0,X Games
552,552.0,Sak
553,553.0,Cycling at the 2016 Summer Paralympics – Men's 
554,554.0,Molecular Inv
555,555.0,Radova
556,556.0,Cun
557,557.0,Scott
558,558.0,
559,559.0,Utah State Histor
560,560.0,Makacolibantang Ar
561,561.0,Cas
562,562.0,
563,563.0,Iraiyan
564,564.0,Fr
565,565.0,
566,566.0,
567,567.0,1998 WAC men's basketbal
568,568.0,Fi
569,569.0,MW Mo
570,570.0,
571,571.0,Euphemia 
572,572.0,Fathe
573,573.0,Canadian
574,574.0,Santiago Rodrí
575,575.0,1997 Illinois Fighting Illini f
576,576.0,2000 Uruguayan Prim
577,577.0,"Ralph Grey, 4th Baron G"
578,578.0,Boj
579,579.0,Hartlepool College of Furth
580,580.0,
581,581.0,2014 World Junior and U23 Canoe Slalom C
582,582.0,
583,583.0,Attention – A Life
584,584.0,
585,585.0,Danza de l
586,586.0,23S rRNA (adenine2503-C8)-methy
587,587.0,Public Prosecution Service for Nort
588,588.0,Chris
589,589.0,Mic
590,590.0,Borehamwood & E
591,591.0,Jamie B
592,592.0,Billy Smith (footballer
593,593.0,Dako
594,594.0,
595,595.0,B
596,596.0,
597,597.0,18F (de
598,598.0,
599,599.0,Emblems of the International Red Cross and Red Cresc
600,600.0,B
601,601.0,2006 Copa d
602,602.0,Electoral results for the district of Mitchell (Wester
603,603.0,Wil
604,604.0,Yo So
605,605.0,
606,606.0,Zeller
607,607.0,
608,608.0,
609,609.0,Santa Fe Trail Scenic and Hi
610,610.0,Michael O'Connor (footballer
611,611.0,
612,612.0,New
613,613.0,Powerlifting at the 1981
614,614.0,Paula
615,615.0,Jan
616,616.0,Wynyard 
617,617.0,2008–09 Highland Foo
618,618.0,
619,619.0,Stories and Texts
620,620.0,Jos
621,621.0,Japan Cooperative Par
622,622.0,Grand Lodge of
623,623.0,New River (Ne
624,624.0,Br
625,625.0,Songs (
626,626.0,Homeland Soli
627,627.0,Altrincham (UK Parliament c
628,628.0,Compsibidi
629,629.0,
630,630.0,
631,631.0,Mac
632,632.0,Taquara Ri
633,633.0,Kr
634,634.0,Badland
635,635.0,Drumaha
636,636.0,Lavorgo rai
637,637.0,Just fo
638,638.0,
639,639.0,Jim Lightfoot (spe
640,640.0,Tol
641,641.0,T
642,642.0,Kallas
643,643.0,Lee Tr
644,644.0,Time Vindicated to Himself and to
645,645.0,List of Bangladeshi f
646,646.0,Edward Acheson (British A
647,647.0,Chris Dave and 
648,648.0,
649,649.0,Push and 
650,650.0,Se
651,651.0,
652,652.0,Ale
653,653.0,
654,654.0,Philipp vo
655,655.0,Ninj
656,656.0,
657,657.0,Shir 
658,658.0,Lake Elizabe
659,659.0,
660,660.0,Al-Fa
661,661.0,Clear Lake State Park 
662,662.0,"Fairfield Township, Crawford County, "
663,663.0,Gu
664,664.0,United Stat
665,665.0,Ja
666,666.0,Somewhere in Time (Iron M
667,667.0,Texas Afghanistan Ca
668,668.0,The T
669,669.0,Zophodia 
670,670.0,
671,671.0,1972 Dallas Co
672,672.0,Geograp
673,673.0,List of municipalities of the Provin
674,674.0,A Wom
675,675.0,1993 Lincolnshire County Coun
676,676.0,Sphecom
677,677.0,Giovanni France
678,678.0,Urumqi Conf
679,679.0,Jennif
680,680.0,Amerosei
681,681.0,Critical c
682,682.0,Ba
683,683.0,2019 Amex-Istanbu
684,684.0,2021 Korea Op
685,685.0,Ku
686,686.0,Ba
687,687.0,Paradise 
688,688.0,
689,689.0,Hop
690,690.0,The Old Recto
691,691.0,Alb
692,692.0,USS Acco
693,693.0,William 
694,694.0,Silte
695,695.0,Mikló
696,696.0,
697,697.0,Kevin Dav
698,698.0,
699,699.0,
700,700.0,Wilf
701,701.0,Athletics at the 1912 Summer Olympics – Men'
702,702.0,
703,703.0,
704,704.0,Jamshed 
705,705.0,First Presbyterian Churc
706,706.0,J
707,707.0,Tmesisternu
708,708.0,
709,709.0,
710,710.0,FC Metal
711,711.0,M
712,712.0,Bigg Boss (Hin
713,713.0,Houk
714,714.0,Swords Against th
715,715.0,
716,716.0,Fort
717,717.0,1840 Birmingham
718,718.0,Terminal Bridge (Leavenwo
719,719.0,Ort
720,720.0,Te
721,721.0,
722,722.0,
723,723.0,Deltaspi
724,724.0,Rhodes High School (S
725,725.0,B
726,726.0,Deleg
727,727.0,Gu
728,728.0,Newport
729,729.0,
730,730.0,Ja
731,731.0,Merrim
732,732.0,Cheil
733,733.0,Green Truck
734,734.0,
735,735.0,1968 Ke
736,736.0,List of Arkansas state high school go
737,737.0,
738,738.0,Mentasta 
739,739.0,OPU
740,740.0,
741,741.0,FAO 
742,742.0,Oz
743,743.0,Bülach
744,744.0,Pirá
745,745.0,J
746,746.0,Da
747,747.0,Powellvil
748,748.0,Chess and Backgam
749,749.0,Avia
750,750.0,George Smith (footballer
751,751.0,Fran
752,752.0,A
753,753.0,Mau
754,754.0,H
755,755.0,Shinnecock Hil
756,756.0,Newn
757,757.0,
758,758.0,Mast
759,759.0,Lviv Academ
760,760.0,Auctoritates
761,761.0,Hipódromo d
762,762.0,
763,763.0,Charle
764,764.0,Shin K
765,765.0,Rosa G
766,766.0,
767,767.0,B
768,768.0,Macroglossu
769,769.0,
770,770.0,Neal
771,771.0,Marinobacte
772,772.0,St. Louis Catholic
773,773.0,Air Force Expeditionary Se
774,774.0,
775,775.0,Lo' Lo' 
776,776.0,A
777,777.0,Lidij
778,778.0,George Berry Washing
779,779.0,Kir
780,780.0,18
781,781.0,Rainfall 
782,782.0,
783,783.0,Gra
784,784.0,
785,785.0,"Millwood, "
786,786.0,Michael Dawson 
787,787.0,Marilyn Brown
788,788.0,Paul
789,789.0,St. P
790,790.0,Bloomber
791,791.0,
792,792.0,William
793,793.0,Frank Jo
794,794.0,K
795,795.0,
796,796.0,Abul Has
797,797.0,Samuel Jack
798,798.0,
799,799.0,Aph
800,800.0,Bloombe
801,801.0,Hemip
802,802.0,
803,803.0,Live in Prague an
804,804.0,"Julian Marsham, 8th Ea"
805,805.0,Zanclopter
806,806.0,Libe
807,807.0,Jul
808,808.0,"Dębniak, Kr"
809,809.0,Margaret 
810,810.0,Willow Oa
811,811.0,
812,812.0,Barz
813,813.0,
814,814.0,"Pencader, Car"
815,815.0,Mark Owens (North Dakota
816,816.0,
817,817.0,Function b
818,818.0,Kath
819,819.0,Firefly Art
820,820.0,Wals
821,821.0,1948 Upper Voltan Territorial Assem
822,822.0,Cabinet of Tadeus
823,823.0,
824,824.0,Overlake
825,825.0,Cubic
826,826.0,The Unborn
827,827.0,
828,828.0,Retinal g
829,829.0,Intern
830,830.0,L
831,831.0,Fauna and Flora I
832,832.0,
833,833.0,J
834,834.0,Dai Si
835,835.0,The View from t
836,836.0,Feder
837,837.0,
838,838.0,S
839,839.0,Edu
840,840.0,National Ba
841,841.0,
842,842.0,Ryder Report (Brit
843,843.0,"Horatius ""H"
844,844.0,1987 European Competition for Wome
845,845.0,
846,846.0,Two Ze
847,847.0,Afterglow (Electric Light Orch
848,848.0,Polym
849,849.0,Abensberg 1809 ord
850,850.0,Santiago North Regional Football
851,851.0,
852,852.0,Roman
853,853.0,
854,854.0,The C
855,855.0,Ohne
856,856.0,Crowne Plaza Chenna
857,857.0,
858,858.0,
859,859.0,Minori Suz
860,860.0,Constructi
861,861.0,Negrinho River (Mato Gr
862,862.0,
863,863.0,Sobi
864,864.0,
865,865.0,Kōj
866,866.0,
867,867.0,Journal of Dermatologic
868,868.0,Pass
869,869.0,202
870,870.0,
871,871.0,Neckar-Zaber (elector
872,872.0,
873,873.0,Hoo
874,874.0,Saint Paul Central
875,875.0,I A
876,876.0,Sadanoya
877,877.0,Main station (CTA Niles 
878,878.0,Nova Scot
879,879.0,Jean P
880,880.0,"Bitter Lake (Day County, S"
881,881.0,Ouvrage
882,882.0,Joe Webster 
883,883.0,List of ches
884,884.0,2008 Super
885,885.0,Flore
886,886.0,Georg
887,887.0,Saa
888,888.0,IEEE/ACM Transactions o
889,889.0,Giac
890,890.0,Hartfor
891,891.0,Unión d
892,892.0,Fl
893,893.0,"Cathedral of St. Michael the Archangel (Passaic,"
894,894.0,Rev
895,895.0,Japan at the 2019 Summer
896,896.0,
897,897.0,
898,898.0,The Pir
899,899.0,St. Fina
900,900.0,
901,901.0,T
902,902.0,
903,903.0,Lactar
904,904.0,Schin
905,905.0,
906,906.0,2015 Open Féminin de Marseil
907,907.0,Joseph C
908,908.0,Gleditsia
909,909.0,Hon
910,910.0,1124
911,911.0,Anter
912,912.0,January 4 (Eastern Orthodo
913,913.0,
914,914.0,Act a Fool (Lu
915,915.0,
916,916.0,2011–12 FC Volga Nizhny Nov
917,917.0,IRENE 
918,918.0,1826 in 
919,919.0,Jeroen Pau
920,920.0,Phyllidiops
921,921.0,Vor
922,922.0,1966–67 NCAA University Division men's baske
923,923.0,Benjamin Thomas Bra
924,924.0,
925,925.0,Dex
926,926.0,
927,927.0,
928,928.0,
929,929.0,"Ludwików, Białob"
930,930.0,
931,931.0,
932,932.0,"John Poulett, 2nd "
933,933.0,
934,934.0,Representation of the Peo
935,935.0,Dynamic So
936,936.0,
937,937.0,
938,938.0,
939,939.0,Pseudorhaphitoma 
940,940.0,Ischali
941,941.0,The 3rd Wish: To Ro
942,942.0,Thylact
943,943.0,Grammy Award for Best Female Rap Solo
944,944.0,2015–1
945,945.0,Edinburg
946,946.0,Dasylirion
947,947.0,Provisional IRA Honey T
948,948.0,
949,949.0,San Vicente 
950,950.0,Barae
951,951.0,Be
952,952.0,Lietavská S
953,953.0,Chri
954,954.0,Besserer vo
955,955.0,Newmarket railway statio
956,956.0,
957,957.0,Tony Col
958,958.0,List of CZW World Tag Te
959,959.0,Neural efficienc
960,960.0,
961,961.0,San Juan Mixte
962,962.0,1975 FIA European F
963,963.0,"Oak Ridge, Nelson Coun"
964,964.0,Vau
965,965.0,Da
966,966.0,Cars
967,967.0,Green Rid
968,968.0,
969,969.0,Brampto
970,970.0,An
971,971.0,
972,972.0,Courtn
973,973.0,Lowell Par
974,974.0,James
975,975.0,Gold 
976,976.0,Transfusion-associated graft-versus-
977,977.0,
978,978.0,Masque of the Red Death
979,979.0,
980,980.0,
981,981.0,
982,982.0,Robe
983,983.0,
984,984.0,Stan
985,985.0,Gali
986,986.0,Pyrenaear
987,987.0,List of Belgian football transfers wi
988,988.0,
989,989.0,Al
990,990.0,Petrowi
991,991.0,
992,992.0,Louis Mille
993,993.0,
994,994.0,Henry T. and Rebecca Re
995,995.0,
996,996.0,Chaetomorp
997,997.0,
998,998.0,Chris Stone (e
999,999.0,Dal
1000,1000.0,
1001,1001.0,Camarines Sur's 4th congressio
1002,1002.0,Ayu
1003,1003.0,Highgate Wood Seco
1004,1004.0,Huntingt
1005,1005.0,John Cotton 
1006,1006.0,"Hook, Line & Sinker"
1007,1007.0,
1008,1008.0,Kalli
1009,1009.0,Colonial States College Hocke
1010,,Why Shoot the Teacher?
1011,,Kazantypskyi State Nature Reserve
1012,,Lê Lợi
1013,,Randal O'Toole
1014,,Gareth Williams (composer)
1015,,Han So-yeon
1016,,Top End Australian Football Association
1017,,Timochares trifasciata
1018,,Nowe Trzciano
1019,,Kiridōshi Station
1020,,Hypno5e
1021,,Alan Whiticker
1022,,Smith Termite
1023,,Pro-administrator
1024,,Clarke–Hobbs–Davidson House
1025,,1925 Milan–San Remo
1026,,Chakmeh Zar
1027,,List of Singaporean flags
1028,,Mike Fibbens
1029,,Puncak Regency
1030,,1971 Greenlandic Football Championship
1031,,1997 Sangrampora massacre
1032,,William Price (orientalist)
1033,,"Emilianów, Tomaszów Mazowiecki County"
1034,,Marlene Enright
1035,,Mushtaq Chhapra
1036,,Miamira moloch
1037,,McInerney
1038,,Sina Frei
1039,,Hege R. Eriksen
1040,,"Trap, Mogila"
1041,,Inape penai
1042,,Timothy Corsellis
1043,,Death of Liliana Barbarita Cepeda
1044,,Eighteenth Dynasty of Egypt family tree
1045,,2018–19 SVGFF Premier Division
1046,,Broken Island (Antarctica)
1047,,Kottooli and Pottammal
1048,,Byrne v. Ireland
1049,,Altınoluk
1050,,Starwood
1051,,Casa Pueblo
1052,,"Kapileswarapuram, Konaseema district"
1053,,Yeongdo Ha clan
1054,,Jason Livingston
1055,,Al Quwah
1056,,Shahrulnizam Mustapa
1057,,Arnold Grimpel
1058,,John Lawlor (actor)
1059,,Jacques Anne Joseph Le Prestre de Vauban
1060,,Alun Jones (tennis)
1061,,479
1062,,Grigory Sokolnikov
1063,,Ghana Federation of Disability Organizations
1064,,Ernest Belcher
1065,,Marshall Society
1066,,Flag of Shan State
1067,,Mohonasen High School
1068,,"Tewar, Punjab"
1069,,Mutbaal
1070,,Hou Andu
1071,,Kampong Tanjong Maya
1072,,Ford Falcon (BF)
1073,,Dichrostigma flavipes
1074,,"Patton, California"
1075,,Adrenodoxin reductase
1076,,Herman Garretson
1077,,Secret Friends
1078,,Choi Soon-sil
1079,,Inverse psoriasis
1080,,Agni Vyooham
1081,,Elizabeth Reitz
1082,,"Warrenton, Oregon"
1083,,Amityville: A New Generation
1084,,2021–22 Providence Friars women's basketball team
1085,,Teleprompter (horse)
1086,,Bessie Clarksone
1087,,David Proudfoot (engineer)
1088,,The Devil's Bris
1089,,La Presta Asphalt Mine
1090,,Open Water 2: Adrift
1091,,Mohammed V International Airport
1092,,William Francis Smith
1093,,Überherrn
1094,,Egremont Castle
1095,,"Yeniköy, Koçarlı"
1096,,Kałądek
1097,,Ulyotovsky District
1098,,2002 United States Senate election in North Carolina
1099,,Give You the World
1100,,Moments (Emerson Drive song)
1101,,Dalziel Barn
1102,,Kahi (film)
1103,,"Soltankənd, Ismailli"
1104,,Gassman indole synthesis
1105,,Sjef van den Berg
1106,,Margriet Matthijsse
1107,,Datong Film Company
1108,,"Lotte, Germany"
1109,,Rudolph A. Peterson
